n,rep_id,seed,dim_y,support_size,p_x,propensity,beta_scale,alpha_scale,smoothing_epsilon,model_type,crossfit,n_folds,split_frac,aipw,n_eval,dual_computation_mode,runtime_seconds,ot_solve_count,ot_cache_hits,ot_runtime_seconds,solver_status,solver_warning_count,model_warning_count,observed_unique_atoms_arm0,observed_unique_atoms_arm1,dual_lower_first_term_estimate,dual_upper_first_term_estimate,dual_lower_first_term_se,dual_upper_first_term_se,dual_ATE_norm_sq_estimate,dual_lower_VarITE_estimate,dual_upper_VarITE_estimate,dual_lower_se,dual_upper_se,dual_lower_ci,dual_upper_ci,oracle_lower_first_term,oracle_upper_first_term,true_ATE_norm_sq,oracle_lower_VarITE,oracle_upper_VarITE,oracle_computation_mode,oracle_n_units,oracle_solver_warning_count,oracle_ot_solve_count,oracle_ot_cache_hits,oracle_ot_runtime_seconds,oracle_runtime_seconds,dual_lower_covers_oracle,dual_upper_covers_oracle,any_anticonservative
100,0,101,10,1024,50,0.3,0.3,0.5,1e-06,oracle,True,2,0.5,False,100,full,0.013,0,100,0.0,ok,0,0,33.0,16.5,0.27913203046201673,9.617526342428055,0.17969360309472981,0.4373589129793083,0.3081179138321999,-0.028985883370183152,9.309408428595855,0.3896206651494937,0.2314352803867321,-0.7926283546957309,9.76301324290578,0.37377046955138804,9.621014851155625,0.0006136068498957755,0.3731568627014923,9.620401244305729,full,100,0,100,0,31.43209457397461,31.475,True,True,False
100,0,101,10,1024,50,0.3,0.3,0.5,1e-06,estimated,True,2,0.5,False,100,full,41.237,100,0,41.162641525268555,ok,0,6,33.0,16.5,0.17980973282586787,10.681510816358044,0.286247181616651,0.6436244393345208,0.3081179138321999,-0.128308181006332,10.373392902525843,0.4696681712724206,0.4096327470928229,-1.048840881385066,11.17625833371598,0.37377046955138804,9.621014851155625,0.0006136068498957755,0.3731568627014923,9.620401244305729,full,100,0,100,0,31.43209457397461,31.475,True,True,False
100,1,100101,10,1024,50,0.3,0.3,0.5,1e-06,oracle,True,2,0.5,False,100,full,0.01,0,100,0.0,ok,0,0,34.5,15.5,0.22513838390795282,9.608521133593461,0.17472411925194625,0.45085234717338285,0.14843537414966007,0.07670300975829275,9.460085759443801,0.2118247204177364,0.3627699087496719,-0.33846581329573683,10.17110171526804,0.3534188571258512,9.629019839891587,0.00085110496943811,0.35256775215641306,9.628168734922149,full,100,0,100,0,26.751107454299927,26.764,True,True,False
100,1,100101,10,1024,50,0.3,0.3,0.5,1e-06,estimated,True,2,0.5,False,100,full,36.075,100,0,35.98351740837097,ok,0,6,34.5,15.5,0.09240569930649363,9.891023030131096,0.261586738680222,0.590624845779746,0.14843537414966007,-0.05602967484316644,9.742587655981437,0.3044578077382375,0.4986634173037655,-0.6527560128221321,10.719949994304484,0.3534188571258512,9.629019839891587,0.00085110496943811,0.35256775215641306,9.628168734922149,full,100,0,100,0,26.751107454299927,26.764,True,True,False
100,2,200101,10,1024,50,0.3,0.3,0.5,1e-06,oracle,True,2,0.5,False,100,full,0.016,0,100,0.0,ok,0,0,33.5,15.5,0.6141415705158324,9.764721949719581,0.19529667490196517,0.4889253895121291,0.22455782312925204,0.38958374738658036,9.540164126590328,0.23934549464922053,0.3307962343445856,-0.07952480198781609,10.188512832127188,0.3648823076438397,9.640626317862749,0.0022975283029698667,0.36258477934086986,9.638328789559779,full,100,0,100,0,27.293710470199585,27.323,True,True,False
100,2,200101,10,1024,50,0.3,0.3,0.5,1e-06,estimated,True,2,0.5,False,100,full,37.144,100,0,37.00745105743408,ok,0,6,33.5,15.5,-0.19598579743961314,10.178476391087969,0.2865578994282269,0.623528025047994,0.22455782312925204,-0.4205436205688652,9.953918567958716,0.37703085745264514,0.4784269972309781,-1.1595105222363047,10.891618251763077,0.3648823076438397,9.640626317862749,0.0022975283029698667,0.36258477934086986,9.638328789559779,full,100,0,100,0,27.293710470199585,27.323,True,True,False
100,3,300101,10,1024,50,0.3,0.3,0.5,1e-06,oracle,True,2,0.5,False,100,full,0.011,0,100,0.0,ok,0,0,37.0,12.5,0.41130214288524874,9.33306227660136,0.16836019277897013,0.44211949297498787,0.2741269841269845,0.13717515875826425,9.058935292474375,0.3371559974925859,0.6927923970195278,-0.5236384534988809,10.416783439395823,0.37017192041342617,9.621198459497776,0.0006929570315522562,0.3694789633818739,9.620505502466225,full,100,0,100,0,26.365769863128662,26.378,True,True,False
100,3,300101,10,1024,50,0.3,0.3,0.5,1e-06,estimated,True,2,0.5,False,100,full,34.697,100,0,34.59983515739441,ok,0,6,37.0,12.5,0.07653357585054579,9.396910080478659,0.2917299178252354,0.6278787147497437,0.2741269841269845,-0.1975934082764387,9.122783096351673,0.2428931201540081,0.8720764921105905,-0.6736551758708546,10.83202161265246,0.37017192041342617,9.621198459497776,0.0006929570315522562,0.3694789633818739,9.620505502466225,full,100,0,100,0,26.365769863128662,26.378,True,True,False
100,4,400101,10,1024,50,0.3,0.3,0.5,1e-06,oracle,True,2,0.5,False,100,full,0.01,0,100,0.0,ok,0,0,34.5,15.5,0.32814289097291405,9.795379888403206,0.19171695425599483,0.4518206063587879,0.07757369614512473,0.25056919482778933,9.717806192258081,0.23755638443503072,0.3345169369628869,-0.21503276296242235,10.373447340923995,0.36034108590083674,9.63372889046491,0.0016445653811487258,0.35869652051968803,9.632084325083762,full,100,0,100,0,26.162975311279297,26.176,True,True,False
100,4,400101,10,1024,50,0.3,0.3,0.5,1e-06,estimated,True,2,0.5,False,100,full,44.033,100,0,43.945823669433594,ok,0,6,34.5,15.5,0.018152990115786576,10.054873928936138,0.28917546929390064,0.6185533084887733,0.07757369614512473,-0.059420706029338154,9.977300232791013,0.39450359600615204,0.48965118271551256,-0.8326335459729356,10.936998915900858,0.36034108590083674,9.63372889046491,0.0016445653811487258,0.35869652051968803,9.632084325083762,full,100,0,100,0,26.162975311279297,26.176,True,True,False
100,5,500101,10,1024,50,0.3,0.3,0.5,1e-06,oracle,True,2,0.5,False,100,full,0.03,0,100,0.0,ok,0,0,36.5,12.5,0.2721077170126883,9.060589205639587,0.191304192728744,0.3932002344605482,0.21326530612244943,0.058842410890238894,8.847323899517137,0.3093315815086952,0.6062735612731189,-0.5474363481476199,10.035598244391288,0.3647412874011129,9.636916677308328,0.0006512707662659052,0.36409001663484697,9.636265406542062,full,100,0,100,0,26.097119331359863,26.126,True,True,False
100,5,500101,10,1024,50,0.3,0.3,0.5,1e-06,estimated,True,2,0.5,False,100,full,41.14,100,0,41.044212341308594,ok,0,6,36.5,12.5,0.3716454188080464,8.99251807795324,0.20784260659011533,0.5743468030451184,0.21326530612244943,0.15838011268559699,8.779252771830791,0.23114788465547906,0.7859791986792228,-0.2946614163417606,10.319743693839719,0.3647412874011129,9.636916677308328,0.0006512707662659052,0.36409001663484697,9.636265406542062,full,100,0,100,0,26.097119331359863,26.126,True,True,False
100,6,600101,10,1024,50,0.3,0.3,0.5,1e-06,oracle,True,2,0.5,False,100,full,0.013,0,100,0.0,ok,0,0,35.0,12.5,0.23315785436552527,9.069608281564308,0.17295187071072113,0.3949642193843229,0.18315192743764203,0.05000592692788325,8.886456354126667,0.2644582323930724,0.5657887951805319,-0.4683226839776626,9.99538201553682,0.3666512925126093,9.629196387473284,0.0015792540056176851,0.3650720385069916,9.627617133467666,full,100,0,100,0,28.844542026519775,28.859,True,True,False
100,6,600101,10,1024,50,0.3,0.3,0.5,1e-06,estimated,True,2,0.5,False,100,full,43.498,100,0,43.38156485557556,ok,0,6,35.0,12.5,-0.1125958994612332,9.899099117719022,0.33442328669068433,0.6550436142332865,0.18315192743764203,-0.29574782689887524,9.71594719028138,0.28653619248882467,0.8202296681291265,-0.857348444444208,11.323567798865708,0.3666512925126093,9.629196387473284,0.0015792540056176851,0.3650720385069916,9.627617133467666,full,100,0,100,0,28.844542026519775,28.859,True,True,False
100,7,700101,10,1024,50,0.3,0.3,0.5,1e-06,oracle,True,2,0.5,False,100,full,0.008,0,100,0.0,ok,0,0,36.0,13.0,0.05345822803529301,9.378389603983418,0.18234551740602975,0.4733746164814062,0.16693877551020436,-0.11348054747491135,9.211450828473215,0.28970612370102367,0.6532120826320509,-0.6812941160296234,10.491722984698436,0.3640308104773336,9.627619458734745,0.0007772889474195846,0.363253521529914,9.626842169787325,full,100,0,100,0,25.91112971305847,25.934,True,True,False
100,7,700101,10,1024,50,0.3,0.3,0.5,1e-06,estimated,True,2,0.5,False,100,full,35.813,100,0,35.733874559402466,ok,0,6,36.0,13.0,0.2520310571208163,9.938867039434161,0.2807657646074788,0.6463169932219615,0.16693877551020436,0.08509228161061194,9.771928263923957,0.27376018673869934,0.8237996413582436,-0.4514678247981985,11.386545891463127,0.3640308104773336,9.627619458734745,0.0007772889474195846,0.363253521529914,9.626842169787325,full,100,0,100,0,25.91112971305847,25.934,True,True,False
100,8,800101,10,1024,50,0.3,0.3,0.5,1e-06,oracle,True,2,0.5,False,100,full,0.017,0,100,0.0,ok,0,0,41.0,9.0,0.2931273820266865,8.476708969921189,0.16361719353034446,0.3664223817722091,0.6701133786848081,-0.37698599665812166,7.8065955912363805,0.5039107403412633,0.797691286190129,-1.3646328991499126,9.370041782950466,0.36514081737182374,9.632647806118683,0.0032921590984079374,0.36184865827341584,9.629355647020276,full,100,0,100,0,26.520000219345093,26.548,True,False,True
100,8,800101,10,1024,50,0.3,0.3,0.5,1e-06,estimated,True,2,0.5,False,100,full,125.016,100,0,124.95115160942078,ok,0,6,41.0,9.0,0.5269219432159391,8.321493728060162,0.31394355003092766,0.6103544271377062,0.6701133786848081,-0.14319143546886903,7.651380349375353,0.35283767335598837,1.0348480235529276,-0.8347405676355141,9.67964520501155,0.36514081737182374,9.632647806118683,0.0032921590984079374,0.36184865827341584,9.629355647020276,full,100,0,100,0,26.520000219345093,26.548,True,True,False
100,9,900101,10,1024,50,0.3,0.3,0.5,1e-06,oracle,True,2,0.5,False,100,full,0.012,0,100,0.0,ok,0,0,34.5,15.0,0.14139870187388712,9.524663506430738,0.17468301225528585,0.4503970367366493,0.24063492063492103,-0.09923621876103392,9.284028585795816,0.24771566188105876,0.5828075581174035,-0.5847499944544107,10.426310409623662,0.3685720391915104,9.634240079672146,0.0022449086763269973,0.3663271305151834,9.63199517099582,full,100,0,100,0,27.60465669631958,27.628,True,True,False
100,9,900101,10,1024,50,0.3,0.3,0.5,1e-06,estimated,True,2,0.5,False,100,full,34.776,100,0,34.71017098426819,ok,0,6,34.5,15.0,0.7398637821583222,9.633246465280566,0.2660894403606864,0.579136010959461,0.24063492063492103,0.4992288615234011,9.392611544645645,0.23026608487754807,0.7087270782670453,0.04791562830236373,10.781691092917354,0.3685720391915104,9.634240079672146,0.0022449086763269973,0.3663271305151834,9.63199517099582,full,100,0,100,0,27.60465669631958,27.628,True,True,False
100,10,1000101,10,1024,50,0.3,0.3,0.5,1e-06,oracle,True,2,0.5,False,100,full,0.013,0,100,0.0,ok,0,0,34.0,15.5,0.27849888059130756,9.412768630245422,0.18010028912623188,0.4041075770811101,0.11063492063492081,0.16786395995638675,9.302133709610501,0.17691095119103192,0.34113082844946757,-0.17887513284875922,9.97073784738777,0.3704145906497962,9.640296878721005,0.0031973581899910225,0.3672172324598052,9.637099520531013,full,100,0,100,0,25.843247890472412,25.87,True,True,False
100,10,1000101,10,1024,50,0.3,0.3,0.5,1e-06,estimated,True,2,0.5,False,100,full,43.703,100,0,43.63811492919922,ok,0,6,34.0,15.5,0.004108173492150732,10.33593597966708,0.35868186926788204,0.6479734090230805,0.11063492063492081,-0.10652674714277008,10.22530105903216,0.37763177439035406,0.5948748703109973,-0.8466714243658192,11.391234380149651,0.3704145906497962,9.640296878721005,0.0031973581899910225,0.3672172324598052,9.637099520531013,full,100,0,100,0,25.843247890472412,25.87,True,True,False
100,11,1100101,10,1024,50,0.3,0.3,0.5,1e-06,oracle,True,2,0.5,False,100,full,0.017,0,100,0.0,ok,0,0,33.0,16.5,0.43082726031396723,9.832734849353004,0.1973357200279116,0.46453016520750323,0.2578458049886625,0.17298145532530473,9.574889044364342,0.29515087126774214,0.3202691287333771,-0.40550362236508775,10.202605002041784,0.3544196953022549,9.650727478893636,0.001131692240547942,0.353288003061707,9.649595786653087,full,100,0,100,0,27.33458709716797,27.366,True,True,False
100,11,1100101,10,1024,50,0.3,0.3,0.5,1e-06,estimated,True,2,0.5,False,100,full,39.937,100,0,39.8691942691803,ok,0,6,33.0,16.5,0.45291183760175335,9.563296700983612,0.26641418792549026,0.5324985795804584,0.2578458049886625,0.19506603261309086,9.30545089599495,0.35903714262806297,0.39783735127655107,-0.5086338360500832,10.0851977762018,0.3544196953022549,9.650727478893636,0.001131692240547942,0.353288003061707,9.649595786653087,full,100,0,100,0,27.33458709716797,27.366,True,True,False
100,12,1200101,10,1024,50,0.3,0.3,0.5,1e-06,oracle,True,2,0.5,False,100,full,0.009,0,100,0.0,ok,0,0,34.5,15.0,0.5942808351515014,9.75745268289948,0.18181594276122862,0.46909620083552966,0.06854875283446725,0.5257320823170342,9.688903930065013,0.19782945560364615,0.42335828759216926,0.13799347425272213,10.518670926302216,0.3480977538326981,9.635738476720412,0.0010668595582418072,0.34703089427445627,9.634671617162171,full,100,0,100,0,28.657001733779907,28.688,True,True,False
100,12,1200101,10,1024,50,0.3,0.3,0.5,1e-06,estimated,True,2,0.5,False,100,full,39.879,100,0,39.80514359474182,ok,0,6,34.5,15.0,0.14465359590677518,10.096581541271966,0.3205156518418908,0.6541735360433114,0.06854875283446725,0.07610484307230793,10.0280327884375,0.3405317932567858,0.6115359719393939,-0.5913252073018319,11.226621268689408,0.3480977538326981,9.635738476720412,0.0010668595582418072,0.34703089427445627,9.634671617162171,full,100,0,100,0,28.657001733779907,28.688,True,True,False
100,13,1300101,10,1024,50,0.3,0.3,0.5,1e-06,oracle,True,2,0.5,False,100,full,0.016,0,100,0.0,ok,0,0,35.5,13.5,0.16538339308716588,9.265060055472293,0.17867296778145392,0.4612833177101468,0.1359637188208619,0.029419674266303986,9.12909633665143,0.19155632175920567,0.5013505511316796,-0.34602381739270544,10.111725360498829,0.36519122788029457,9.63475042472431,0.00039049947368647794,0.3648007284066081,9.634359925250623,full,100,0,100,0,27.222800493240356,27.235,True,True,False
100,13,1300101,10,1024,50,0.3,0.3,0.5,1e-06,estimated,True,2,0.5,False,100,full,42.057,100,0,41.991697549819946,ok,0,6,35.5,13.5,-0.2798981273988395,9.901912015906616,0.30680758627838356,0.6806961338567235,0.1359637188208619,-0.4158618462197014,9.765948297085753,0.27295618061734706,0.7203979216368663,-0.9508461295873116,11.17790227803152,0.36519122788029457,9.63475042472431,0.00039049947368647794,0.3648007284066081,9.634359925250623,full,100,0,100,0,27.222800493240356,27.235,True,True,False
100,14,1400101,10,1024,50,0.3,0.3,0.5,1e-06,oracle,True,2,0.5,False,100,full,0.016,0,100,0.0,ok,0,0,34.5,14.5,0.14884997084066967,9.684311834341038,0.1699856303284651,0.4560216180602704,0.10365079365079384,0.04519917718987583,9.580661040690245,0.1810632302679705,0.5386662860756056,-0.30967823305982894,10.636427561084382,0.36207308242004826,9.632550209615058,0.0012972271219521712,0.3607758552980961,9.631252982493105,full,100,0,100,0,27.04165530204773,27.083,True,True,False
100,14,1400101,10,1024,50,0.3,0.3,0.5,1e-06,estimated,True,2,0.5,False,100,full,35.614,100,0,35.52224898338318,ok,0,6,34.5,14.5,0.16157358607437544,9.592089259779183,0.264628892266958,0.5733165660688966,0.10365079365079384,0.0579227924235816,9.48843846612839,0.2294195357715254,0.6595774619517497,-0.39173123503850676,10.781186536568157,0.36207308242004826,9.632550209615058,0.0012972271219521712,0.3607758552980961,9.631252982493105,full,100,0,100,0,27.04165530204773,27.083,True,True,False
100,15,1500101,10,1024,50,0.3,0.3,0.5,1e-06,oracle,True,2,0.5,False,100,full,0.016,0,100,0.0,ok,0,0,34.5,15.0,0.6615592365803181,9.686146978309562,0.16177319748862531,0.46750159156756793,0.11448979591836757,0.5470694406619505,9.571657182391194,0.1701819119558537,0.43914784734587925,0.21351902240831083,10.432371147077411,0.3516659190513438,9.630714646332493,0.0008897456756056236,0.3507761733757382,9.629824900656887,full,100,0,100,0,83.41730427742004,83.431,True,True,False
100,15,1500101,10,1024,50,0.3,0.3,0.5,1e-06,estimated,True,2,0.5,False,100,full,42.696,100,0,42.62720584869385,ok,0,6,34.5,15.0,0.13646320900391967,10.0267588516617,0.3109531178753009,0.5939936171187206,0.11448979591836757,0.021973413085552104,9.912269055743332,0.3249055300354696,0.5639021817562652,-0.6148297241618651,11.017497022789172,0.3516659190513438,9.630714646332493,0.0008897456756056236,0.3507761733757382,9.629824900656887,full,100,0,100,0,83.41730427742004,83.431,True,True,False
100,16,1600101,10,1024,50,0.3,0.3,0.5,1e-06,oracle,True,2,0.5,False,100,full,0.015,0,100,0.0,ok,0,0,36.0,13.5,0.5516992266405641,9.218266437105447,0.20435348122708494,0.41083785181307475,0.20115646258503422,0.3505427640555299,9.017109974520412,0.2656220394545656,0.5155272725548257,-0.17006686677549593,10.027524861776035,0.3779239578569097,9.622487574711172,0.001827821800528263,0.3760961360563814,9.620659752910644,full,100,0,100,0,27.73001718521118,27.768,True,True,False
100,16,1600101,10,1024,50,0.3,0.3,0.5,1e-06,estimated,True,2,0.5,False,100,full,42.463,100,0,42.3842613697052,ok,0,6,36.0,13.5,0.9869744991844235,8.780523957922542,0.263948435893492,0.5086146759207903,0.20115646258503422,0.7858180365993892,8.579367495337507,0.26143872711786076,0.6119618438316935,0.273407547284387,9.778790669160351,0.3779239578569097,9.622487574711172,0.001827821800528263,0.3760961360563814,9.620659752910644,full,100,0,100,0,27.73001718521118,27.768,True,True,False
100,17,1700101,10,1024,50,0.3,0.3,0.5,1e-06,oracle,True,2,0.5,False,100,full,0.019,0,100,0.0,ok,0,0,35.0,14.5,0.1757166403282085,10.138370406963412,0.1640722034292819,0.49166713285550845,0.12374149659863966,0.05197514372956884,10.014628910364772,0.19012770984090224,0.47678757257904675,-0.32066832002168116,10.94911538089598,0.36991984249926374,9.636758729034248,0.0015444048249370155,0.36837543767432673,9.635214324209311,full,100,0,100,0,27.47147536277771,27.515,True,True,False
100,17,1700101,10,1024,50,0.3,0.3,0.5,1e-06,estimated,True,2,0.5,False,100,full,37.699,100,0,37.64317059516907,ok,0,6,35.0,14.5,0.37609195940181395,9.780220908502166,0.2704444443370447,0.5941412454850553,0.12374149659863966,0.2523504628031743,9.656479411903526,0.24895486148908857,0.5918744635815624,-0.23559209949159698,10.816532043892352,0.36991984249926374,9.636758729034248,0.0015444048249370155,0.36837543767432673,9.635214324209311,full,100,0,100,0,27.47147536277771,27.515,True,True,False
100,18,1800101,10,1024,50,0.3,0.3,0.5,1e-06,oracle,True,2,0.5,False,100,full,0.012,0,100,0.0,ok,0,0,35.0,14.5,0.1726455161271555,9.96321869683705,0.14591071347481474,0.4862085967363646,0.0955555555555557,0.07708996057159981,9.867663141281493,0.15099152892395176,0.4933600578415401,-0.21884799808998348,10.83463108606151,0.3609987147584534,9.623891885311089,0.0011464249392101813,0.3598522898192432,9.62274546037188,full,100,0,100,0,27.16831922531128,27.195,True,True,False
100,18,1800101,10,1024,50,0.3,0.3,0.5,1e-06,estimated,True,2,0.5,False,100,full,47.245,100,0,47.17081117630005,ok,0,6,35.0,14.5,0.12005278351804177,9.658192015671023,0.27124987564426317,0.5816490289634701,0.0955555555555557,0.024497227962486073,9.562636460115467,0.2542021951842603,0.5917590584711518,-0.47372991938968523,10.722462902244256,0.3609987147584534,9.623891885311089,0.0011464249392101813,0.3598522898192432,9.62274546037188,full,100,0,100,0,27.16831922531128,27.195,True,True,False
100,19,1900101,10,1024,50,0.3,0.3,0.5,1e-06,oracle,True,2,0.5,False,100,full,0.014,0,100,0.0,ok,0,0,31.5,18.0,0.022837143881823615,10.24967656083936,0.2039032704808848,0.4434354202601357,0.34732426303854913,-0.3244871191567255,9.90235229780081,0.4345620185440475,0.20461541345531464,-1.1762130245520857,10.303391138855,0.38403035839463895,9.627414619914806,0.00165438696407117,0.3823759714305678,9.625760232950734,full,100,0,100,0,29.963138341903687,29.981,True,True,False
100,19,1900101,10,1024,50,0.3,0.3,0.5,1e-06,estimated,True,2,0.5,False,100,full,42.579,100,0,42.50873684883118,ok,0,6,31.5,18.0,0.09926391092109636,10.652575660239496,0.27465533655888347,0.5505515969497266,0.34732426303854913,-0.24806035211745275,10.305251397200946,0.524331675610149,0.2930778129075256,-1.2757315522668835,10.879673355167464,0.38403035839463895,9.627414619914806,0.00165438696407117,0.3823759714305678,9.625760232950734,full,100,0,100,0,29.963138341903687,29.981,True,True,False
100,20,2000101,10,1024,50,0.3,0.3,0.5,1e-06,oracle,True,2,0.5,False,100,full,0.009,0,100,0.0,ok,0,0,34.5,14.0,0.446030958697434,9.219334934918193,0.18400841820330122,0.43715972599899305,0.10297052154195022,0.34306043715548373,9.116364413376242,0.19493658377719608,0.3550533712971937,-0.03900824631709554,9.81225623370827,0.37391845833456583,9.624582947612174,0.0014843627877441134,0.3724340955468217,9.62309858482443,full,100,0,100,0,30.073423385620117,30.101,True,True,False
100,20,2000101,10,1024,50,0.3,0.3,0.5,1e-06,estimated,True,2,0.5,False,100,full,44.943,100,0,44.871331214904785,ok,0,6,34.5,14.0,0.11660393776031201,9.815538327373723,0.28161602661193474,0.6303947288537811,0.10297052154195022,0.013633416218361796,9.712567805831773,0.32840058695046087,0.5506729655877621,-0.630019906706356,10.79186698564365,0.37391845833456583,9.624582947612174,0.0014843627877441134,0.3724340955468217,9.62309858482443,full,100,0,100,0,30.073423385620117,30.101,True,True,False
100,21,2100101,10,1024,50,0.3,0.3,0.5,1e-06,oracle,True,2,0.5,False,100,full,0.02,0,100,0.0,ok,0,0,33.0,17.0,0.3812405707540379,9.985364445149939,0.19156180381104854,0.47945019545850176,0.12269841269841293,0.25854215805562497,9.862666032451527,0.273735734124742,0.32147619414188966,-0.27797002211050126,10.492747794856637,0.3583906520551418,9.637101366045977,0.0012048482004114198,0.35718580385473037,9.635896517845566,full,100,0,100,0,29.642693281173706,29.682,True,True,False
100,21,2100101,10,1024,50,0.3,0.3,0.5,1e-06,estimated,True,2,0.5,False,100,full,42.501,100,0,42.40783095359802,ok,0,6,33.0,17.0,0.09898699364881958,9.946388766167336,0.30056672100502807,0.5963258613193206,0.12269841269841293,-0.023711419049593355,9.823690353468924,0.3826979843162564,0.4538590415601115,-0.7737856852655304,10.71323772898461,0.3583906520551418,9.637101366045977,0.0012048482004114198,0.35718580385473037,9.635896517845566,full,100,0,100,0,29.642693281173706,29.682,True,True,False
100,22,2200101,10,1024,50,0.3,0.3,0.5,1e-06,oracle,True,2,0.5,False,100,full,0.014,0,100,0.0,ok,0,0,36.0,13.5,0.2082865404382672,9.337479810479405,0.197920932911828,0.45861495388578605,0.3002947845804994,-0.09200824414223222,9.037185025898905,0.3359909590291743,0.7410237844214752,-0.7505384229704867,10.48956495505257,0.3897673693836133,9.632362511756122,0.0028710951682206966,0.3868962742153926,9.629491416587902,full,100,0,100,0,27.216184854507446,27.243,True,True,False
100,22,2200101,10,1024,50,0.3,0.3,0.5,1e-06,estimated,True,2,0.5,False,100,full,43.503,100,0,43.44001030921936,ok,0,6,36.0,13.5,0.21486917796339403,9.96507332323963,0.3122774509651909,0.6760385530586871,0.3002947845804994,-0.08542560661710538,9.66477853865913,0.24550587293566925,0.9555438101910988,-0.5666082755640839,11.53760999228386,0.3897673693836133,9.632362511756122,0.0028710951682206966,0.3868962742153926,9.629491416587902,full,100,0,100,0,27.216184854507446,27.243,True,True,False
100,23,2300101,10,1024,50,0.3,0.3,0.5,1e-06,oracle,True,2,0.5,False,100,full,0.007,0,100,0.0,ok,0,0,32.5,17.0,0.6962110938618522,9.815382085663337,0.19354291345128916,0.45545592820929653,0.22786848072562388,0.4683426131362283,9.587513604937714,0.31489166837614624,0.23481320701190084,-0.14883371591274858,10.047739033775388,0.3685653848540158,9.628471718900578,0.0019823113555638653,0.36658307349845193,9.626489407545014,full,100,0,100,0,29.83852529525757,29.868,True,True,False
100,23,2300101,10,1024,50,0.3,0.3,0.5,1e-06,estimated,True,2,0.5,False,100,full,44.178,100,0,44.116143465042114,ok,0,6,32.5,17.0,0.13224489344744195,10.299929513308243,0.24732759027704593,0.6235093944174475,0.22786848072562388,-0.09562358727818193,10.072061032582619,0.4626307724187541,0.37628407791912094,-1.0023632393588862,10.809564273259959,0.3685653848540158,9.628471718900578,0.0019823113555638653,0.36658307349845193,9.626489407545014,full,100,0,100,0,29.83852529525757,29.868,True,True,False
100,24,2400101,10,1024,50,0.3,0.3,0.5,1e-06,oracle,True,2,0.5,False,100,full,0.02,0,100,0.0,ok,0,0,36.5,12.5,0.31071501406206503,9.027867848305327,0.15203409053865646,0.4233943918697718,0.07555555555555568,0.23515945850650935,8.952312292749772,0.2281952640309663,0.5727088384851424,-0.21209504043679303,10.074800989808418,0.35821314175057095,9.637980646042562,0.0021448790271328356,0.3560682627234381,9.635835767015429,full,100,0,100,0,26.919422149658203,26.982,True,True,False
100,24,2400101,10,1024,50,0.3,0.3,0.5,1e-06,estimated,True,2,0.5,False,100,full,41.609,100,0,41.53016781806946,ok,0,6,36.5,12.5,-0.22414904191844434,9.49565069358308,0.34303544781028,0.6573946864809888,0.07555555555555568,-0.299704597474,9.420095138027525,0.2744538119846835,0.8024536099927341,-0.8376241843837071,10.992875312877434,0.35821314175057095,9.637980646042562,0.0021448790271328356,0.3560682627234381,9.635835767015429,full,100,0,100,0,26.919422149658203,26.982,True,True,False
100,25,2500101,10,1024,50,0.3,0.3,0.5,1e-06,oracle,True,2,0.5,False,100,full,0.01,0,100,0.0,ok,0,0,35.0,14.5,0.4181867147369408,9.642679784946363,0.18154515914804117,0.4950050193646624,0.09469387755102054,0.32349283718592026,9.547985907395343,0.20083288137633007,0.5422799288387413,-0.07013237722309162,10.61083503745822,0.36867607715501394,9.632024551906818,0.0019249628824983536,0.3667511142725156,9.63009958902432,full,100,0,100,0,23.94024634361267,23.987,True,True,False
100,25,2500101,10,1024,50,0.3,0.3,0.5,1e-06,estimated,True,2,0.5,False,100,full,38.25,100,0,38.179856061935425,ok,0,6,35.0,14.5,-0.053950076634807914,10.21394787428243,0.24497295998799795,0.6210804733133259,0.09469387755102054,-0.14864395418582846,10.11925399673141,0.2162473806525128,0.664623201677393,-0.5724810320158773,11.421891535308802,0.36867607715501394,9.632024551906818,0.0019249628824983536,0.3667511142725156,9.63009958902432,full,100,0,100,0,23.94024634361267,23.987,True,True,False
100,26,2600101,10,1024,50,0.3,0.3,0.5,1e-06,oracle,True,2,0.5,False,100,full,0.014,0,100,0.0,ok,0,0,35.5,13.5,0.17872344396012305,9.220701761325051,0.18452554206440758,0.4610813222844839,0.1346938775510207,0.044029566409102355,9.08600788377403,0.2631580408076252,0.6068008584828036,-0.47175071581596495,10.275315712188311,0.37425071942041477,9.631483951702231,0.002113147094187247,0.3721375723262275,9.629370804608044,full,100,0,100,0,57.79994249343872,57.825,True,True,False
100,26,2600101,10,1024,50,0.3,0.3,0.5,1e-06,estimated,True,2,0.5,False,100,full,38.076,100,0,38.007851362228394,ok,0,6,35.5,13.5,-0.3942980359439497,9.87872100536704,0.2948241867282468,0.652126489296737,0.1346938775510207,-0.5289919134949703,9.74402712781602,0.23607523496124933,0.791279207937919,-0.99169087166085,11.294905877089722,0.37425071942041477,9.631483951702231,0.002113147094187247,0.3721375723262275,9.629370804608044,full,100,0,100,0,57.79994249343872,57.825,True,True,False
100,27,2700101,10,1024,50,0.3,0.3,0.5,1e-06,oracle,True,2,0.5,False,100,full,0.01,0,100,0.0,ok,0,0,35.0,15.0,0.6588168156174729,9.482767648056843,0.15998237565334916,0.44858590659797964,0.1305215419501136,0.5282952736673593,9.35224610610673,0.15386411749092435,0.45512415260212,0.22672714487210816,10.244273053701196,0.3583021308876897,9.640381418768879,0.0011366104533387265,0.35716552043435096,9.63924480831554,full,100,0,100,0,28.638152360916138,28.665,True,True,False
100,27,2700101,10,1024,50,0.3,0.3,0.5,1e-06,estimated,True,2,0.5,False,100,full,35.375,100,0,35.31693768501282,ok,0,6,35.0,15.0,0.29771255884167397,10.095129171086384,0.24793356014571274,0.6152579908390113,0.1305215419501136,0.16719101689156038,9.964607629136271,0.25657662615368915,0.6189897456679014,-0.3356899296444681,11.177805237444966,0.3583021308876897,9.640381418768879,0.0011366104533387265,0.35716552043435096,9.63924480831554,full,100,0,100,0,28.638152360916138,28.665,True,True,False
100,28,2800101,10,1024,50,0.3,0.3,0.5,1e-06,oracle,True,2,0.5,False,100,full,0.007,0,100,0.0,ok,0,0,36.5,13.0,0.8789952745973478,8.887845422580618,0.16823754148235182,0.42130881644399104,0.1472562358276645,0.7317390387696834,8.740589186752954,0.2554250128828908,0.5423527431538817,0.23111521276853808,9.803581030251065,0.3605300287513222,9.633226295537632,0.0006759931728826539,0.35985403557843954,9.63255030236475,full,100,0,100,0,24.705069303512573,24.738,True,True,False
100,28,2800101,10,1024,50,0.3,0.3,0.5,1e-06,estimated,True,2,0.5,False,100,full,37.607,100,0,37.541988372802734,ok,0,6,36.5,13.0,-0.08522605188950685,9.056186595822204,0.3057427311702753,0.6028981584976875,0.1472562358276645,-0.23248228771717136,8.90893035999454,0.23733804663660177,0.7257362049980285,-0.6976563112859986,10.331347184067454,0.3605300287513222,9.633226295537632,0.0006759931728826539,0.35985403557843954,9.63255030236475,full,100,0,100,0,24.705069303512573,24.738,True,True,False
100,29,2900101,10,1024,50,0.3,0.3,0.5,1e-06,oracle,True,2,0.5,False,100,full,0.007,0,100,0.0,ok,0,0,29.0,20.5,0.752083053316333,10.591213875506464,0.19436393351798364,0.47202561025796974,0.8812925170068034,-0.12920946369047048,9.70992135849966,0.7238120671871026,0.42809189751756577,-1.5478550469526775,10.548966059707501,0.3681663074241425,9.634567157664774,0.001039642324219111,0.3671266650999234,9.633527515340555,full,100,0,100,0,25.02452778816223,25.046,True,True,False
100,29,2900101,10,1024,50,0.3,0.3,0.5,1e-06,estimated,True,2,0.5,False,100,full,34.114,100,0,34.043368101119995,ok,0,7,29.0,20.5,-0.47308189646695836,11.891676220273958,0.30317646811353527,0.6724212065625157,0.8812925170068034,-1.3543744134737619,11.010383703267154,0.8910269128628199,0.4013161173433465,-3.1007550719407977,11.796948839675563,0.3681663074241425,9.634567157664774,0.001039642324219111,0.3671266650999234,9.633527515340555,full,100,0,100,0,25.02452778816223,25.046,True,True,False
100,30,3000101,10,1024,50,0.3,0.3,0.5,1e-06,oracle,True,2,0.5,False,100,full,0.018,0,100,0.0,ok,0,0,36.5,13.5,0.5190610124143533,9.417077294750477,0.17529002018493897,0.4183090304483571,0.13936507936507958,0.37969593304927374,9.277712215385398,0.27981330136882926,0.5637794772035449,-0.16872806002888385,10.382699685927166,0.38099233612346817,9.631169479947964,0.0016644659910268521,0.3793278701324413,9.629505013956937,full,100,0,100,0,24.02923560142517,24.055,True,True,False
100,30,3000101,10,1024,50,0.3,0.3,0.5,1e-06,estimated,True,2,0.5,False,100,full,39.97,100,0,39.89785361289978,ok,0,6,36.5,13.5,-0.1776436607959865,9.44057261949906,0.2913762771792737,0.6473487370062776,0.13936507936507958,-0.31700874016106606,9.30120754013398,0.23658748625515588,0.7979842268715822,-0.7807116924140367,10.86522788503332,0.38099233612346817,9.631169479947964,0.0016644659910268521,0.3793278701324413,9.629505013956937,full,100,0,100,0,24.02923560142517,24.055,True,True,False
100,31,3100101,10,1024,50,0.3,0.3,0.5,1e-06,oracle,True,2,0.5,False,100,full,0.008,0,100,0.0,ok,0,0,39.0,9.5,0.5595992380202877,8.531836058163872,0.16230259811867181,0.4005240883492191,1.1767573696145142,-0.6171581315942265,7.355078688549358,0.6695702978924629,0.9703746794410322,-1.9294918005812092,9.256978111763381,0.3728602500522817,9.632543460121996,0.0024427342442684664,0.37041751580801324,9.630100725877726,full,100,0,100,0,23.979371309280396,24.014,True,False,True
100,31,3100101,10,1024,50,0.3,0.3,0.5,1e-06,estimated,True,2,0.5,False,100,full,40.717,100,0,40.631280183792114,ok,0,6,39.0,9.5,0.44791742116493233,8.535769488673104,0.28897184369012574,0.5898012301157347,1.1767573696145142,-0.7288399484495818,7.3590121190585895,0.4730188516096655,1.1534153391457727,-1.6559398616130223,9.619664643000355,0.3728602500522817,9.632543460121996,0.0024427342442684664,0.37041751580801324,9.630100725877726,full,100,0,100,0,23.979371309280396,24.014,True,False,True
100,32,3200101,10,1024,50,0.3,0.3,0.5,1e-06,oracle,True,2,0.5,False,100,full,0.019,0,100,0.0,ok,0,0,33.5,16.5,0.2420980032521802,9.773558899518488,0.17747337843240196,0.46153220010966123,0.1695464852607712,0.07255151799140899,9.604012414257717,0.28035558849855474,0.29112412433920065,-0.4769353383302901,10.174605212993312,0.3688997418384028,9.624331836435239,0.00048264215153306315,0.36841709968686975,9.623849194283705,full,100,0,100,0,24.920308113098145,24.967,True,True,False
100,32,3200101,10,1024,50,0.3,0.3,0.5,1e-06,estimated,True,2,0.5,False,100,full,34.964,100,0,34.893561363220215,ok,0,6,33.5,16.5,0.12103279366142447,10.19521039877234,0.27841291523043377,0.6203566849019626,0.1695464852607712,-0.04851369159934674,10.02566391351157,0.40869683622791364,0.4512744170592812,-0.8495447712015223,10.910145518092069,0.3688997418384028,9.624331836435239,0.00048264215153306315,0.36841709968686975,9.623849194283705,full,100,0,100,0,24.920308113098145,24.967,True,True,False
100,33,3300101,10,1024,50,0.3,0.3,0.5,1e-06,oracle,True,2,0.5,False,100,full,0.012,0,100,0.0,ok,0,0,37.0,12.5,0.3074775444341122,9.211970167946543,0.16619523436064712,0.4148076007529665,0.2847165532879823,0.022760991146129894,8.92725361465856,0.37086567724285413,0.6978900875209139,-0.7041223793519202,10.295093051367058,0.3597248096105995,9.648413601055111,0.002225534123380876,0.3574992754872186,9.64618806693173,full,100,0,100,0,26.157084226608276,26.179,True,True,False
100,33,3300101,10,1024,50,0.3,0.3,0.5,1e-06,estimated,True,2,0.5,False,100,full,38.711,100,0,38.643977880477905,ok,0,6,37.0,12.5,0.24188002649370602,9.26686283554092,0.3218498263665553,0.6339845608984316,0.2847165532879823,-0.04283652679427627,8.982146282252938,0.2728177550649111,0.9189866863135496,-0.577549501064572,10.783327089699304,0.3597248096105995,9.648413601055111,0.002225534123380876,0.3574992754872186,9.64618806693173,full,100,0,100,0,26.157084226608276,26.179,True,True,False
100,34,3400101,10,1024,50,0.3,0.3,0.5,1e-06,oracle,True,2,0.5,False,100,full,0.024,0,100,0.0,ok,0,0,34.0,15.5,0.3113412663868772,9.42822152527227,0.16479280940500504,0.4547484156846183,0.12326530612244921,0.188075960264428,9.30495621914982,0.1952202260641095,0.41511688915878897,-0.19454865187499418,10.118570371275354,0.36732694158911594,9.625387764262335,0.0015339527924149083,0.365792988796701,9.623853811469921,full,100,0,100,0,24.999274730682373,25.035,True,True,False
100,34,3400101,10,1024,50,0.3,0.3,0.5,1e-06,estimated,True,2,0.5,False,100,full,38.141,100,0,38.0438916683197,ok,0,6,34.0,15.5,-0.7926794766804908,10.392582201421385,0.34512523072770485,0.663996216109036,0.12326530612244921,-0.91594478280294,10.269316895298935,0.36927777582319665,0.6284615422037263,-1.6397159237074614,11.501078883686738,0.36732694158911594,9.625387764262335,0.0015339527924149083,0.365792988796701,9.623853811469921,full,100,0,100,0,24.999274730682373,25.035,True,True,False
100,35,3500101,10,1024,50,0.3,0.3,0.5,1e-06,oracle,True,2,0.5,False,100,full,0.006,0,100,0.0,ok,0,0,35.5,14.0,0.34219812549048434,9.524482791935451,0.1723414181552587,0.42648280808510375,0.06281179138322009,0.27938633410726427,9.461671000552231,0.1808986874195673,0.41494193837857557,-0.07516857808565663,10.274942255449478,0.36872139499959594,9.64142447981277,0.0003407314785310633,0.36838066352106486,9.641083748334239,full,100,0,100,0,24.43941617012024,24.479,True,True,False
100,35,3500101,10,1024,50,0.3,0.3,0.5,1e-06,estimated,True,2,0.5,False,100,full,35.185,100,0,35.13464951515198,ok,0,6,35.5,14.0,0.5669127434363604,9.250180676747867,0.2676770175352018,0.6059622043952523,0.06281179138322009,0.5041009520531403,9.187368885364647,0.27101326168277234,0.5965404944757605,-0.02707528017782257,10.356566769856853,0.36872139499959594,9.64142447981277,0.0003407314785310633,0.36838066352106486,9.641083748334239,full,100,0,100,0,24.43941617012024,24.479,True,True,False
100,36,3600101,10,1024,50,0.3,0.3,0.5,1e-06,oracle,True,2,0.5,False,100,full,0.007,0,100,0.0,ok,0,0,34.5,14.0,0.0618495589385947,9.339148991439403,0.1515698373934134,0.46833727770252304,0.1472562358276647,-0.08540667688907,9.191892755611738,0.2308003885021137,0.6140587642818304,-0.5377671259710652,10.395425817995296,0.3687161611218723,9.635569976508444,0.002723507718769837,0.36599265340310244,9.632846468789674,full,100,0,100,0,23.346476554870605,24.316,True,True,False
100,36,3600101,10,1024,50,0.3,0.3,0.5,1e-06,estimated,True,2,0.5,False,100,full,34.917,100,0,34.84289813041687,ok,0,6,34.5,14.0,0.023684301878686663,9.592185828153218,0.2613304319553673,0.5837385726460045,0.1472562358276647,-0.12357193394897803,9.444929592325552,0.2281090955678264,0.7230382139889233,-0.570657545807923,10.862058451190007,0.3687161611218723,9.635569976508444,0.002723507718769837,0.36599265340310244,9.632846468789674,full,100,0,100,0,23.346476554870605,24.316,True,True,False
100,37,3700101,10,1024,50,0.3,0.3,0.5,1e-06,oracle,True,2,0.5,False,100,full,0.01,0,100,0.0,ok,0,0,32.0,18.0,0.29337645228885934,10.204630784569991,0.1922112093389577,0.5118344815092474,0.43412698412698475,-0.14075053183812541,9.770503800443006,0.47710078688697416,0.24511684445946885,-1.0758508911323144,10.25092398758767,0.36869581088621445,9.633416824365064,0.0014198142738827244,0.36727599661233173,9.631997010091181,full,100,0,100,0,22.57264280319214,22.613,True,True,False
100,37,3700101,10,1024,50,0.3,0.3,0.5,1e-06,estimated,True,2,0.5,False,100,full,33.975,100,0,32.88554286956787,ok,0,6,32.0,18.0,-0.014379010156522098,10.31234271811035,0.29069052039873117,0.5804554541355273,0.43412698412698475,-0.44850599428350685,9.878215733983366,0.6158001864733142,0.3144809345804182,-1.655452181444252,10.494587039585483,0.36869581088621445,9.633416824365064,0.0014198142738827244,0.36727599661233173,9.631997010091181,full,100,0,100,0,22.57264280319214,22.613,True,True,False
100,38,3800101,10,1024,50,0.3,0.3,0.5,1e-06,oracle,True,2,0.5,False,100,full,0.011,0,100,0.0,ok,0,0,33.0,14.5,0.4454572124302658,9.409116615204773,0.20144412011766924,0.44361814951394746,0.15185941043083936,0.2935978019994264,9.257257204773934,0.27924790380528297,0.6098416100984717,-0.25371803221723366,10.452524796840857,0.376855055708824,9.626433133415757,0.0017225739239617932,0.3751324817848622,9.624710559491795,full,100,0,100,0,102.04219841957092,102.053,True,True,False
100,38,3800101,10,1024,50,0.3,0.3,0.5,1e-06,estimated,True,2,0.5,False,100,full,44.018,100,0,43.95498776435852,ok,0,6,33.0,14.5,-0.17514059222927064,9.570792154134411,0.25991972540741226,0.5962006043693147,0.15185941043083936,-0.32700000266011,9.418932743703571,0.2606401413146871,0.7572782647276708,-0.8378452925623269,10.903170868844795,0.376855055708824,9.626433133415757,0.0017225739239617932,0.3751324817848622,9.624710559491795,full,100,0,100,0,102.04219841957092,102.053,True,True,False
100,39,3900101,10,1024,50,0.3,0.3,0.5,1e-06,oracle,True,2,0.5,False,100,full,0.01,0,100,0.0,ok,0,0,38.5,10.5,0.5177008016047951,8.97358713426804,0.17113785490524147,0.44452028011882677,0.6479138321995473,-0.1302130305947522,8.325673302068493,0.4888856792204916,0.8579693586181515,-1.0884113544243177,10.007262344798999,0.36698818244553894,9.632567898004698,0.001526591997318221,0.36546159044822074,9.63104130600738,full,100,0,100,0,26.22060537338257,26.264,True,True,False
100,39,3900101,10,1024,50,0.3,0.3,0.5,1e-06,estimated,True,2,0.5,False,100,full,43.727,100,0,43.65087628364563,ok,0,6,38.5,10.5,0.5447918405179358,8.313145707143436,0.270278065169706,0.6385625358977408,0.6479138321995473,-0.10312199168161151,7.665231874943888,0.32958775851724087,1.0378039734446372,-0.7491021281206881,9.69929028590794,0.36698818244553894,9.632567898004698,0.001526591997318221,0.36546159044822074,9.63104130600738,full,100,0,100,0,26.22060537338257,26.264,True,True,False
100,40,4000101,10,1024,50,0.3,0.3,0.5,1e-06,oracle,True,2,0.5,False,100,full,0.007,0,100,0.0,ok,0,0,37.5,12.5,0.23210208395980167,9.154549709427037,0.1656480188236124,0.431276297504166,0.27904761904761943,-0.046945535087817764,8.875502090379419,0.32656987070880505,0.6862959425259105,-0.6870107201129776,10.220617420466175,0.3627130128252678,9.635027231510547,0.0013973086565379112,0.3613157041687299,9.63362992285401,full,100,0,100,0,25.518007278442383,25.545,True,True,False
100,40,4000101,10,1024,50,0.3,0.3,0.5,1e-06,estimated,True,2,0.5,False,100,full,39.382,100,0,39.31699013710022,ok,0,6,37.5,12.5,0.41868261989022143,8.808416135757506,0.25846300744499023,0.5594467369987763,0.27904761904761943,0.139635000842602,8.529368516709887,0.3125487234524788,0.8171286356779797,-0.4729492405382258,10.130911213375079,0.3627130128252678,9.635027231510547,0.0013973086565379112,0.3613157041687299,9.63362992285401,full,100,0,100,0,25.518007278442383,25.545,True,True,False
100,41,4100101,10,1024,50,0.3,0.3,0.5,1e-06,oracle,True,2,0.5,False,100,full,0.014,0,100,0.0,ok,0,0,30.5,18.0,0.5682212324060394,10.391071092466268,0.19068741439235676,0.4755896005826604,0.5504535147392295,0.017767717666809846,9.840617577727038,0.4801172571130304,0.2383468591020235,-0.9232448146308868,10.307768837395246,0.3625301047819647,9.642314362126827,0.0010284990984794585,0.3615016056834852,9.641285863028347,full,100,0,100,0,24.634135723114014,24.672,True,True,False
100,41,4100101,10,1024,50,0.3,0.3,0.5,1e-06,estimated,True,2,0.5,False,100,full,34.501,100,0,34.46147537231445,ok,0,7,30.5,18.0,-0.22766362297374276,10.857224734697054,0.27934215574832816,0.6636511180322289,0.5504535147392295,-0.7781171377129723,10.306771219957824,0.6063943293089016,0.3650011780406589,-1.9666281835877408,11.022160383232208,0.3625301047819647,9.642314362126827,0.0010284990984794585,0.3615016056834852,9.641285863028347,full,100,0,100,0,24.634135723114014,24.672,True,True,False
100,42,4200101,10,1024,50,0.3,0.3,0.5,1e-06,oracle,True,2,0.5,False,100,full,0.011,0,100,0.0,ok,0,0,38.0,11.0,0.457690957525189,8.781932392667402,0.1341371239188379,0.40534792579256446,0.24097505668934274,0.21671590083584627,8.540957335978058,0.3432242646881221,0.6599640804434541,-0.45599129657311577,9.834463164737324,0.36028119950014514,9.63123435542197,0.0006545310404581052,0.35962666845968705,9.630579824381512,full,100,0,100,0,25.173015117645264,25.213,True,True,False
100,42,4200101,10,1024,50,0.3,0.3,0.5,1e-06,estimated,True,2,0.5,False,100,full,43.159,100,0,43.05974006652832,ok,0,6,38.0,11.0,0.7886203539817233,8.490082303355946,0.2778737939263451,0.5743123932068708,0.24097505668934274,0.5476452972923805,8.249107246666602,0.3050945858556482,0.8375181647391441,-0.0503291028628533,9.890612685953409,0.36028119950014514,9.63123435542197,0.0006545310404581052,0.35962666845968705,9.630579824381512,full,100,0,100,0,25.173015117645264,25.213,True,True,False
100,43,4300101,10,1024,50,0.3,0.3,0.5,1e-06,oracle,True,2,0.5,False,100,full,0.013,0,100,0.0,ok,0,0,35.0,13.5,0.7051514774525321,9.051962938408952,0.20832879613724037,0.41404110474715405,0.15108843537414998,0.5540630420783822,8.900874503034801,0.29837716106047996,0.575202948852266,-0.03074544740946561,10.028251566586478,0.36318733323895663,9.64484385690723,0.0025112125850197467,0.3606761206539369,9.64233264432221,full,100,0,100,0,24.55615496635437,24.574,True,True,False
100,43,4300101,10,1024,50,0.3,0.3,0.5,1e-06,estimated,True,2,0.5,False,100,full,33.652,100,0,33.54229474067688,ok,0,6,35.0,13.5,-0.10706810636924148,10.020941014826954,0.31915476343172433,0.640049973543069,0.15108843537414998,-0.2581565417433915,9.869852579452804,0.2563400349318321,0.7978097499630975,-0.7605737780055217,11.43353095589538,0.36318733323895663,9.64484385690723,0.0025112125850197467,0.3606761206539369,9.64233264432221,full,100,0,100,0,24.55615496635437,24.574,True,True,False
100,44,4400101,10,1024,50,0.3,0.3,0.5,1e-06,oracle,True,2,0.5,False,100,full,0.006,0,100,0.0,ok,0,0,33.0,15.5,0.2506096021432271,10.018003028880935,0.1894543882168805,0.46526190234439957,0.023492063492063536,0.22711753865116355,9.994510965388871,0.19635401271255817,0.47920431188569845,-0.15772925448537042,10.933734157921139,0.3797010972116008,9.638608527399885,0.0020910564026779747,0.3776100408089228,9.636517470997207,full,100,0,100,0,7703.335006952286,7703.358,True,True,False
100,44,4400101,10,1024,50,0.3,0.3,0.5,1e-06,estimated,True,2,0.5,False,100,full,31.045,100,0,30.986570596694946,ok,0,6,33.0,15.5,-0.06699953289220999,10.43803864249141,0.30417104512002746,0.6305641572352514,0.023492063492063536,-0.09049159638427352,10.414546578999346,0.29842187807384973,0.6440703131365558,-0.6753877296078222,11.67690119625843,0.3797010972116008,9.638608527399885,0.0020910564026779747,0.3776100408089228,9.636517470997207,full,100,0,100,0,7703.335006952286,7703.358,True,True,False
100,45,4500101,10,1024,50,0.3,0.3,0.5,1e-06,oracle,True,2,0.5,False,100,full,0.011,0,100,0.0,ok,0,0,31.5,18.5,0.30890823507448817,10.476398327784393,0.2282880509357704,0.48226363105315484,0.550521541950114,-0.24161330687562588,9.925876785834278,0.5829514123967099,0.29184772565387485,-1.3841770799099335,10.497887817085799,0.36221062826584494,9.62662162903981,0.000779309400544228,0.3614313188653007,9.625842319639267,full,100,0,100,0,21.54542374610901,21.559,True,True,False
100,45,4500101,10,1024,50,0.3,0.3,0.5,1e-06,estimated,True,2,0.5,False,100,full,31.049,100,0,30.992833852767944,ok,0,6,31.5,18.5,-0.3297726699682083,11.052445853394286,0.27999945097677953,0.6433287717561685,0.550521541950114,-0.8802942119183224,10.50192431144417,0.7042494272381046,0.30651811286340647,-2.260597725437969,11.102688773265632,0.36221062826584494,9.62662162903981,0.000779309400544228,0.3614313188653007,9.625842319639267,full,100,0,100,0,21.54542374610901,21.559,True,True,False
100,46,4600101,10,1024,50,0.3,0.3,0.5,1e-06,oracle,True,2,0.5,False,100,full,0.014,0,100,0.0,ok,0,0,29.5,19.5,0.49474064956080094,10.512908514396772,0.22100486777049905,0.48865677985195627,0.637709750566894,-0.1429691010060931,9.875198763829879,0.6002254467935498,0.27383047493366947,-1.3193893593259134,10.411896632569368,0.36249838636349596,9.636817451357503,0.0008029763792071311,0.36169540998428884,9.636014474978296,full,100,0,100,0,22.351524829864502,22.376,True,True,False
100,46,4600101,10,1024,50,0.3,0.3,0.5,1e-06,estimated,True,2,0.5,False,100,full,29.288,100,0,29.224494218826294,ok,0,7,29.5,19.5,-0.31294360229871154,10.49240240671429,0.3181598074253985,0.6129087561733049,0.637709750566894,-0.9506533528656056,9.854692656147396,0.6778386950194566,0.340287880664363,-2.2791927824313705,10.521644646625012,0.36249838636349596,9.636817451357503,0.0008029763792071311,0.36169540998428884,9.636014474978296,full,100,0,100,0,22.351524829864502,22.376,True,True,False
100,47,4700101,10,1024,50,0.3,0.3,0.5,1e-06,oracle,True,2,0.5,False,100,full,0.017,0,100,0.0,ok,0,0,33.5,14.5,0.5012878875023371,9.527976346099406,0.20307651706682464,0.4539625936568594,0.07537414965986405,0.42591373784247305,9.452602196439543,0.1976451258085638,0.4305435191246514,0.038536409537800076,10.29645198770099,0.3723080222505265,9.636511961351845,0.0010136087790459192,0.37129441347148057,9.6354983525728,full,100,0,100,0,21.612900257110596,21.658,True,True,False
100,47,4700101,10,1024,50,0.3,0.3,0.5,1e-06,estimated,True,2,0.5,False,100,full,32.698,100,0,32.60740375518799,ok,0,6,33.5,14.5,0.08624203527198064,10.251798812861598,0.31783476976692177,0.6233614543956856,0.07537414965986405,0.010867885612116587,10.176424663201734,0.3305175332295639,0.5955295810478427,-0.6369345757768492,11.343641193783734,0.3723080222505265,9.636511961351845,0.0010136087790459192,0.37129441347148057,9.6354983525728,full,100,0,100,0,21.612900257110596,21.658,True,True,False
100,48,4800101,10,1024,50,0.3,0.3,0.5,1e-06,oracle,True,2,0.5,False,100,full,0.015,0,100,0.0,ok,0,0,33.5,14.5,0.32003011905483736,9.71486571979026,0.17634997577059597,0.48056364453397604,0.1864852607709754,0.13354485828386195,9.528380459019285,0.2056276568185069,0.39644247504200364,-0.2694779433057737,10.305393432043532,0.3843983755242607,9.614798156659878,0.0009433032374702757,0.38345507228679043,9.613854853422408,full,100,0,100,0,20.42081379890442,20.461,True,True,False
100,48,4800101,10,1024,50,0.3,0.3,0.5,1e-06,estimated,True,2,0.5,False,100,full,1956.735,100,0,1956.6606185436249,ok,0,6,33.5,14.5,0.1610615907511878,10.053721945719984,0.3140964854571332,0.6172084637210269,0.1864852607709754,-0.025423670019787598,9.867236684949008,0.3452601591070875,0.5416928242187267,-0.7021211471662478,10.928935111101499,0.3843983755242607,9.614798156659878,0.0009433032374702757,0.38345507228679043,9.613854853422408,full,100,0,100,0,20.42081379890442,20.461,True,True,False
100,49,4900101,10,1024,50,0.3,0.3,0.5,1e-06,oracle,True,2,0.5,False,100,full,0.017,0,100,0.0,ok,0,0,36.0,13.5,-0.09421760743881784,9.66972945625303,0.1731041086506109,0.46758705906704384,0.11185941043083916,-0.206077017869657,9.557870045822192,0.22314783372173302,0.6197783073330222,-0.6434387351923863,10.772613206594112,0.36203035482961693,9.63283536443822,0.0005485315826766786,0.3614818232469402,9.632286832855543,full,100,0,100,0,21.577558755874634,21.61,True,True,False
100,49,4900101,10,1024,50,0.3,0.3,0.5,1e-06,estimated,True,2,0.5,False,100,full,246.805,100,0,246.76868224143982,ok,0,6,36.0,13.5,-0.694456453027835,9.79002783083531,0.3271430170728947,0.6358419495125335,0.11185941043083916,-0.8063158634586741,9.678168420404472,0.2627391419572715,0.7817260718961297,-1.3212751190238827,11.210323367096855,0.36203035482961693,9.63283536443822,0.0005485315826766786,0.3614818232469402,9.632286832855543,full,100,0,100,0,21.577558755874634,21.61,True,True,False
